{
  "id": "color-picker",
  "title": "Color Picker",
  "description": "A customisable color picker with a built-in opacity (alpha) slider for use as a library in Foundry VTT.",
  "version": "1.3",
  "library": true,
  "compatibility": {
    "minimum": "10",
    "verified": "12.328"
  },
  "authors": [
    {
      "name": "Larkinabout",
      "url": "https://github.com/Larkinabout",
      "flags": {}
    }
  ],
  "socket": true,
  "esmodules": [
    "scripts/color-picker.js"
  ],
  "languages": [
    {
      "lang": "en",
      "name": "English",
      "path": "languages/en.json",
      "flags": {}
    }
  ],
  "url": "https://github.com/Larkinabout/fvtt-color-picker",
  "manifest": "https://github.com/Larkinabout/fvtt-color-picker/releases/latest/download/module.json",
  "download": "https://github.com/Larkinabout/fvtt-color-picker/releases/download/1.3/module.zip",
  "readme": "https://github.com/Larkinabout/fvtt-color-picker#readme"
}