{
  "dataPath": "/data",
  "compressStatic": true,
  "fullscreen": false,
  "hostname": null,
  "language": "en.core",
  "localHostname": null,
  "port": 30000,
  "protocol": null,
  "proxyPort": null,
  "proxySSL": false,
  "routePrefix": null,
  "updateChannel": "stable",
  "upnp": true,
  "upnpLeaseDuration": null,
  "awsConfig": null,
  "compressSocket": true,
  "cssTheme": "foundry",
  "deleteNEDB": false,
  "hotReload": false,
  "passwordSalt": null,
  "sslCert": null,
  "sslKey": null,
  "world": null,
  "serviceConfig": null,
  "telemetry": false
}
