{
    "id": "boss-splash",
    "title": "Boss Splash Screen",
    "version": "1.1.11",
    "compatibility": {
        "minimum": "12",
        "verified": "12"
    },
    "esmodules": [
        "boss-splash.js"
    ],
    "styles": [
        "css/boss-splash.css"
    ],
    "authors": [
        {
            "name": "LostPhoenix",
            "discord": "lostphoenix._.",
            "flags": {}
        }
    ],
    "languages": [
        {
            "lang": "en",
            "name": "English",
            "path": "lang/en.json",
            "flags": {}
        }
    ],
    "socket": true,
    "manifest": "https://github.com/jsavko/boss-splash/releases/latest/download/module.json",
    "download": "https://github.com/jsavko/boss-splash/releases/download/1.1.11/module.zip"
}